,0,1,2,3,4
0,http://www.ourcampaigns.com/RaceDetail.html?RaceID=613722,New York city, New York, partisan,	
1,http://www.ourcampaigns.com/RaceDetail.html?RaceID=785208,Los Angeles, California,nonpartisan,
2,http://www.ourcampaigns.com/RaceDetail.html?RaceID=795343,Chicago, Illinois,nonpartisan,	
3,http://www.ourcampaigns.com/RaceDetail.html?RaceID=808081,Houston,Texas,nonpartisan,
4,http://www.ourcampaigns.com/RaceDetail.html?RaceID=787336,Philadelphia,Pennsylvania,partisan,
5,http://www.ourcampaigns.com/RaceDetail.html?RaceID=808555,Phoenix,Arizona,nonpartisan,
6,http://www.ourcampaigns.com/RaceDetail.html?RaceID=804003,San Antonio,Texas,nonpartisan,
7,http://www.ourcampaigns.com/RaceDetail.html?RaceID=815829,San Diego,California,nonpartisan,
8,http://www.ourcampaigns.com/RaceDetail.html?RaceID=800343,Dallas,Texas,nonpartisan,
9,http://www.ourcampaigns.com/RaceDetail.html?RaceID=800299,San Jose,California,nonpartisan,
10,http://www.ourcampaigns.com/RaceDetail.html?RaceID=795576,Austin,Texas,nonpartisan,
11,http://www.ourcampaigns.com/RaceDetail.html?RaceID=800137,Jacksonville,Florida,partisan,
12,http://www.ourcampaigns.com/RaceDetail.html?RaceID=806371,San Francisco,California,nonpartisan,
13,http://www.ourcampaigns.com/RaceDetail.html?RaceID=798622,Indianapolis,Indiana,partisan,
14,http://www.ourcampaigns.com/RaceDetail.html?RaceID=796322,Columbus,Ohio,nonpartisan,
15,http://www.ourcampaigns.com/RaceDetail.html?RaceID=786267,Fort Worth,Texas,nonpartisan,
16,http://www.ourcampaigns.com/RaceDetail.html?RaceID=806609,Charlotte,North Carolina,partisan,
17,http://www.ourcampaigns.com/RaceDetail.html?RaceID=791044,Seattle,Washington,nonpartisan,
18,http://www.ourcampaigns.com/RaceDetail.html?RaceID=805060,Denver,Colorado,nonpartisan,
19,http://www.ourcampaigns.com/RaceDetail.html?RaceID=787568,El Paso,Texas,nonpartisan,
20,http://www.ourcampaigns.com/RaceDetail.html?RaceID=789978,Detroit,Michigan,nonpartisan,
21,http://www.ourcampaigns.com/RaceDetail.html?RaceID=741626,Washington,District of Columbia,partisan,
22,http://www.ourcampaigns.com/RaceDetail.html?RaceID=791757,Boston,Massachusetts,nonpartisan,
23,http://www.ourcampaigns.com/RaceDetail.html?RaceID=796324,Memphis,Tennessee,nonpartisan,
24,http://www.ourcampaigns.com/RaceDetail.html?RaceID=806549,Nashville,Tennessee,nonpartisan,
25,http://www.ourcampaigns.com/RaceDetail.html?RaceID=810575,Portland,Oregon,nonpartisan,
26,http://www.ourcampaigns.com/RaceDetail.html?RaceID=799024,Oklahoma City,Oklahoma,nonpartisan,
27,http://www.ourcampaigns.com/RaceDetail.html?RaceID=800806,Las Vegas,Nevada,nonpartisan,
28,http://www.ourcampaigns.com/RaceDetail.html?RaceID=745589,Baltimore,Maryland,partisan,
29,http://www.ourcampaigns.com/RaceDetail.html?RaceID=800843,Louisville,Kentucky,partisan,
30,http://www.ourcampaigns.com/RaceDetail.html?RaceID=811635,Milwaukee,Wisconsin,nonpartisan,
31,http://www.ourcampaigns.com/RaceDetail.html?RaceID=783222,Albuquerque,New Mexico,nonpartisan,
32,http://www.ourcampaigns.com/RaceDetail.html?RaceID=808825,Tucson,Arizona,partisan,
33,http://www.ourcampaigns.com/RaceDetail.html?RaceID=816569,Fresno,California,nonpartisan,
34,http://www.ourcampaigns.com/RaceDetail.html?RaceID=817445,Sacramento,California,nonpartisan,
35,http://www.ourcampaigns.com/RaceDetail.html?RaceID=799754,Kansas City,Missouri,nonpartisan,
36,http://www.ourcampaigns.com/RaceDetail.html?RaceID=800523,Long Beach,California,nonpartisan,
37,http://www.ourcampaigns.com/RaceDetail.html?RaceID=824893,Mesa,Arizona,nonpartisan,
38,http://www.ourcampaigns.com/RaceDetail.html?RaceID=800269,Atlanta,Georgia,nonpartisan,
39,http://www.ourcampaigns.com/RaceDetail.html?RaceID=799022,Colorado Springs,Colorado,nonpartisan,
40,http://www.ourcampaigns.com/RaceDetail.html?RaceID=772586,Virginia Beach,Virginia,nonpartisan,
41,http://www.ourcampaigns.com/RaceDetail.html?RaceID=809170,Raleigh,North Carolina,nonpartisan,
42,http://www.ourcampaigns.com/RaceDetail.html?RaceID=823773,Omaha,Nebraska,nonpartisan,
43,http://www.ourcampaigns.com/RaceDetail.html?RaceID=791798,Miami,Florida,nonpartisan,
44,http://www.ourcampaigns.com/RaceDetail.html?RaceID=800499,Oakland,California,nonpartisan,
45,http://www.ourcampaigns.com/RaceDetail.html?RaceID=784569,Minneapolis,Minnesota,nonpartisan,
46,http://www.ourcampaigns.com/RaceDetail.html?RaceID=807076,Tulsa,Oklahoma,nonpartisan,
47,http://www.ourcampaigns.com/RaceDetail.html?RaceID=802078,Wichita,Kansas,nonpartisan,
48,http://www.ourcampaigns.com/RaceDetail.html?RaceID=797639,New Orleans,Louisiana,partisan,
49,http://www.ourcampaigns.com/RaceDetail.html?RaceID=806985,Arlington,Texas,nonpartisan,
50,http://www.ourcampaigns.com/RaceDetail.html?RaceID=789497,Cleveland,Ohio,nonpartisan,
51,http://www.ourcampaigns.com/RaceDetail.html?RaceID=819257,Bakersfield,California,nonpartisan,
52,http://www.ourcampaigns.com/RaceDetail.html?RaceID=800183,Tampa,Florida,nonpartisan,
53,http://www.ourcampaigns.com/RaceDetail.html?RaceID=236376,Aurora,Colorado,nonpartisan,
54,http://www.ourcampaigns.com/RaceDetail.html?RaceID=817731,Honolulu,Hawaii,nonpartisan,
55,http://www.ourcampaigns.com/RaceDetail.html?RaceID=804622,Anaheim,California,nonpartisan,
56,http://www.ourcampaigns.com/RaceDetail.html?RaceID=824140,Santa Ana,California,nonpartisan,
57,http://www.ourcampaigns.com/RaceDetail.html?RaceID=779048,Corpus Christi,Texas,nonpartisan,
58,http://www.ourcampaigns.com/RaceDetail.html?RaceID=771370,Riverside,California,nonpartisan,
59,http://www.ourcampaigns.com/RaceDetail.html?RaceID=777791,Saint Louis,Missouri,partisan,
60,http://www.ourcampaigns.com/RaceDetail.html?RaceID=810507,Lexington,Kentucky,nonpartisan,
61,http://www.ourcampaigns.com/RaceDetail.html?RaceID=822559,Stockton,California,nonpartisan,
62,http://www.ourcampaigns.com/RaceDetail.html?RaceID=782546,Pittsburgh,Pennsylvania,partisan,
63,http://www.ourcampaigns.com/RaceDetail.html?RaceID=790596,Saint Paul,Minnesota,nonpartisan,
64,http://www.ourcampaigns.com/RaceDetail.html?RaceID=803379,Anchorage,Alaska,nonpartisan,
65,http://www.ourcampaigns.com/RaceDetail.html?RaceID=789498,Cincinnati,Ohio,nonpartisan,
66,http://www.ourcampaigns.com/RaceDetail.html?RaceID=784241,Henderson,Nevada,nonpartisan,
67,http://www.ourcampaigns.com/RaceDetail.html?RaceID=792016,Greensboro,North Carolina,nonpartisan,
68,http://www.ourcampaigns.com/RaceDetail.html?RaceID=787570,Plano,Texas,nonpartisan,
69,http://www.ourcampaigns.com/RaceDetail.html?RaceID=802846,Newark,New Jersey,nonpartisan,
70,http://www.ourcampaigns.com/RaceDetail.html?RaceID=806418,Toledo,Ohio,nonpartisan,
71,http://www.ourcampaigns.com/RaceDetail.html?RaceID=803380,Lincoln,Nebraska,nonpartisan,
72,http://www.ourcampaigns.com/RaceDetail.html?RaceID=815613,Orlando,Florida,nonpartisan,
73,none,Chula Vista,California,,
74,http://www.ourcampaigns.com/RaceDetail.html?RaceID=781577,Jersey City,New Jersey,nonpartisan,
75,http://www.ourcampaigns.com/RaceDetail.html?RaceID=747753,Chandler,Arizona,nonpartisan,
76,http://www.ourcampaigns.com/RaceDetail.html?RaceID=808191,Fort Wayne,Indiana,partisan,
77,http://www.ourcampaigns.com/RaceDetail.html?RaceID=790352,Buffalo,New York,partisan,
78,http://www.ourcampaigns.com/RaceDetail.html?RaceID=808204,Durham,North Carolina,nonpartisan,
79,http://www.ourcampaigns.com/RaceDetail.html?RaceID=790869,Saint Petersburg,Florida,nonpartisan,
80,http://www.ourcampaigns.com/RaceDetail.html?RaceID=824138,Irvine,California,nonpartisan,
81,none,Laredo,Texas,,
82,http://www.ourcampaigns.com/RaceDetail.html?RaceID=616988,Lubbock,Texas,nonpartisan,
83,http://www.ourcampaigns.com/RaceDetail.html?RaceID=800635,Madison,Wisconsin,nonpartisan,
84,http://www.ourcampaigns.com/RaceDetail.html?RaceID=539323,Gilbert,Arizona,nonpartisan,
85,http://www.ourcampaigns.com/RaceDetail.html?RaceID=821013,Norfolk,Virginia,nonpartisan,
86,http://www.ourcampaigns.com/RaceDetail.html?RaceID=810286,Reno,Nevada,nonpartisan,
87,http://www.ourcampaigns.com/RaceDetail.html?RaceID=792003,Winstonâ€“Salem,North Carolina,partisan,
88,http://www.ourcampaigns.com/RaceDetail.html?RaceID=322357,Glendale,Arizona,nonpartisan,
89,http://www.ourcampaigns.com/RaceDetail.html?RaceID=791794,Hialeah,Florida,nonpartisan,
90,none,Garland,Texas,,
91,http://www.ourcampaigns.com/RaceDetail.html?RaceID=539331,Scottsdale,Arizona,nonpartisan,
92,http://www.ourcampaigns.com/RaceDetail.html?RaceID=635717,Irving,Texas,nonpartisan,
93,none,Chesapeake,Virginia,,
94,http://www.ourcampaigns.com/RaceDetail.html?RaceID=781478,North Las Vegas,Nevada,nonpartisan,
95,http://www.ourcampaigns.com/RaceDetail.html?RaceID=779826,Fremont,California,nonpartisan,
96,http://www.ourcampaigns.com/RaceDetail.html?RaceID=821720,Baton Rouge,Louisiana,nonpartisan,
97,http://www.ourcampaigns.com/RaceDetail.html?RaceID=770401,Richmond,Virginia,nonpartisan,
98,http://www.ourcampaigns.com/RaceDetail.html?RaceID=810491,Boise,Idaho,nonpartisan,
99,none,San Bernardino,California,,
100,http://www.ourcampaigns.com/RaceDetail.html?RaceID=809421,Spokane,Washington,nonpartisan,
101,http://www.ourcampaigns.com/RaceDetail.html?RaceID=790853,Birmingham,Alabama,nonpartisan,
102,http://www.ourcampaigns.com/RaceDetail.html?RaceID=693276,Modesto,California,nonpartisan,
103,http://www.ourcampaigns.com/RaceDetail.html?RaceID=807985,Des Moines,Iowa,nonpartisan,
104,http://www.ourcampaigns.com/RaceDetail.html?RaceID=790532,Rochester,New York,partisan,
105,http://www.ourcampaigns.com/RaceDetail.html?RaceID=809420,Tacoma,Washington,,
106,none,Fontana,California,,
107,http://www.ourcampaigns.com/RaceDetail.html?RaceID=690596,Oxnard,California,nonpartisan,
108,none,Moreno Valley,California,,
109,none,Fayetteville,North Carolina,,
110,none,Huntington Beach,California,,
111,http://www.ourcampaigns.com/RaceDetail.html?RaceID=809214,Yonkers,New York,partisan,
112,none,Glendale,California,,
113,http://www.ourcampaigns.com/RaceDetail.html?RaceID=786799,Aurora,Illinois,nonpartisan,
114,http://www.ourcampaigns.com/RaceDetail.html?RaceID=806406,Montgomery,Alabama,nonpartisan,
115,none,Columbus,Georgia,,
116,none,Amarillo,Texas,,
117,http://www.ourcampaigns.com/RaceDetail.html?RaceID=824582,Little Rock,Arkansas,nonpartisan,
118,http://www.ourcampaigns.com/RaceDetail.html?RaceID=803969,Akron,Ohio,partisan,
119,http://www.ourcampaigns.com/RaceDetail.html?RaceID=806785,Shreveport,Louisiana,nonpartisan,
120,http://www.ourcampaigns.com/RaceDetail.html?RaceID=49779,Augusta,Georgia,,
121,http://www.ourcampaigns.com/RaceDetail.html?RaceID=821502,Grand Rapids,Michigan,nonpartisan,
122,http://www.ourcampaigns.com/RaceDetail.html?RaceID=790852,Mobile,Alabama,nonpartisan,
123,http://www.ourcampaigns.com/RaceDetail.html?RaceID=805390,Salt Lake City,Utah,nonpartisan,
124,http://www.ourcampaigns.com/RaceDetail.html?RaceID=510737,Huntsville,Alabama,nonpartisan,
125,http://www.ourcampaigns.com/RaceDetail.html?RaceID=802879,Tallahassee,Florida,nonpartisan,
126,none,Grand Prairie,Texas,,
127,http://www.ourcampaigns.com/RaceDetail.html?RaceID=784288,Overland Park,Kansas,nonpartisan,
128,http://www.ourcampaigns.com/RaceDetail.html?RaceID=813133,Knoxville,Tennessee,nonpartisan,
129,http://www.ourcampaigns.com/RaceDetail.html?RaceID=816684,Worcester,Massachusetts,nonpartisan,
130,none,Brownsville,Texas,,
131,none,Newport News,Virginia,,
132,http://www.ourcampaigns.com/RaceDetail.html?RaceID=620896,Santa Clarita,California,nonpartisan,
133,none,Port St. Lucie,Florida,,
134,http://www.ourcampaigns.com/RaceDetail.html?RaceID=792841,Providence,Rhode Island,partisan,
135,http://www.ourcampaigns.com/RaceDetail.html?RaceID=821511,Fort Lauderdale,Florida,nonpartisan,
136,http://www.ourcampaigns.com/RaceDetail.html?RaceID=765763,Chattanooga,Tennessee,nonpartisan,
137,http://www.ourcampaigns.com/RaceDetail.html?RaceID=821739,Tempe,Arizona,nonpartisan,
138,http://www.ourcampaigns.com/RaceDetail.html?RaceID=306197,Oceanside,California,nonpartisan,
139,http://www.ourcampaigns.com/RaceDetail.html?RaceID=823915,Garden Grove,California,nonpartisan,
140,none,Rancho Cucamonga,California,,
0,http://www.ourcampaigns.com/RaceDetail.html?RaceID=212789,Cape Coral,Florida,nonpartisan,
1,none,Santa Rosa,California,,
2,http://www.ourcampaigns.com/RaceDetail.html?RaceID=234211,Vancouver,Washington,nonpartisan,
3,http://www.ourcampaigns.com/RaceDetail.html?RaceID=741369,Sioux Falls,South Dakota,nonpartisan,
4,http://www.ourcampaigns.com/RaceDetail.html?RaceID=539332,Peoria,Arizona,nonpartisan,
5,none,Ontario,California,,
6,http://www.ourcampaigns.com/RaceDetail.html?RaceID=799020,Jackson,Mississippi,partisan,
7,none,Elk Grove,California,,
8,http://www.ourcampaigns.com/RaceDetail.html?RaceID=809182,Springfield,Missouri,nonpartisan,
9,http://www.ourcampaigns.com/RaceDetail.html?RaceID=820842,Pembroke Pines,Florida,nonpartisan,
10,http://www.ourcampaigns.com/RaceDetail.html?RaceID=817959,Salem,Oregon,nonpartisan,
11,none,Corona,California,,
12,http://www.ourcampaigns.com/RaceDetail.html?RaceID=818312,Eugene,Oregon,nonpartisan,
13,none,McKinney,Texas,,
14,none,Fort Collins,Colorado,,
15,none,Lancaster,California,,
16,http://www.ourcampaigns.com/RaceDetail.html?RaceID=390465,Cary,North Carolina,partisan,
17,none,Palmdale,California,,
18,none,Hayward,California,,
19,none,Salinas,California,,
20,none,Frisco,Texas,,
21,http://www.ourcampaigns.com/RaceDetail.html?RaceID=813330,Springfield,Massachusetts,nonpartisan,
22,none,Pasadena,Texas,	,
23,http://www.ourcampaigns.com/RaceDetail.html?RaceID=731571,Macon,Georgia,partisan,
24,http://www.ourcampaigns.com/RaceDetail.html?RaceID=806236,Alexandria,Virginia,partisan,
25,none,Pomona,California,,
26,http://www.ourcampaigns.com/RaceDetail.html?RaceID=819873,Lakewood,Colorado,nonpartisan,
27,none,Sunnyvale,California,,
28,none,Escondido,California,,
29,http://www.ourcampaigns.com/RaceDetail.html?RaceID=784700,Kansas City,Kansas,nonpartisan,
30,http://www.ourcampaigns.com/RaceDetail.html?RaceID=595544,Kansas City,Kansas,nonpartisan,
31,http://www.ourcampaigns.com/RaceDetail.html?RaceID=59526,Hollywood,Florida,partisan,
32,none,Clarksville,Tennessee,,
33,none,Torrance,California,,
34,http://www.ourcampaigns.com/RaceDetail.html?RaceID=786820,Rockford,Illinois,partisan,
35,http://www.ourcampaigns.com/RaceDetail.html?RaceID=799784,Joliet,Illinois,nonpartisan,
36,http://www.ourcampaigns.com/RaceDetail.html?RaceID=613570,Paterson,New Jersey,nonpartisan,
37,http://www.ourcampaigns.com/RaceDetail.html?RaceID=806920,Bridgeport,Connecticut,partisan,
38,http://www.ourcampaigns.com/RaceDetail.html?RaceID=799783,Naperville,Illinois,nonpartisan,
39,http://www.ourcampaigns.com/RaceDetail.html?RaceID=808201,Savannah,Georgia,nonpartisan,
40,none,Mesquite,Texas,,
41,http://www.ourcampaigns.com/RaceDetail.html?RaceID=790585,Syracuse,New York,partisan,
42,none,Pasadena,California,,
43,none,Orange,California,,
44,none,Fullerton,California,,
45,none,Killeen,Texas,,
46,http://www.ourcampaigns.com/RaceDetail.html?RaceID=791538,Dayton,Ohio,nonpartisan,
47,none,McAllen,Texas,,
48,http://www.ourcampaigns.com/RaceDetail.html?RaceID=281741,Bellevue,Washington,nonpartisan,
49,http://www.ourcampaigns.com/RaceDetail.html?RaceID=809454,Miramar,Florida,nonpartisan,
50,none,Hampton,Virginia,,
51,none,West Valley City,Utah,,
52,none,Warren,Michigan,,
53,none,Olathe,Kansas,,
54,http://www.ourcampaigns.com/RaceDetail.html?RaceID=643025,Columbia,South Carolina,nonpartisan,
55,none,Thornton,Colorado,,
56,none,Carrollton,Texas,,
57,none,Midland,Texas,,
58,http://www.ourcampaigns.com/RaceDetail.html?RaceID=808198,Charleston,South Carolina,nonpartisan,
59,none,Waco,Texas,,
60,none,Sterling Heights,Michigan,,
61,none,Denton,Texas,,
62,http://www.ourcampaigns.com/RaceDetail.html?RaceID=798607,Cedar Rapids,Iowa,nonpartisan,
63,http://www.ourcampaigns.com/RaceDetail.html?RaceID=808208,New Haven,Connecticut,partisan,
64,http://www.ourcampaigns.com/RaceDetail.html?RaceID=39309,Roseville,California,nonpartisan,
65,http://www.ourcampaigns.com/RaceDetail.html?RaceID=812044,Gainesville,Florida,nonpartisan,
66,none,Visalia,California,,
67,none,Coral Springs,Florida,,
68,none,Thousand Oaks,California,,
69,http://www.ourcampaigns.com/RaceDetail.html?RaceID=789591,Elizabeth,New Jersey,partisan,
70,http://www.ourcampaigns.com/RaceDetail.html?RaceID=790970,Stamford,Connecticut,partisan,
71,none,Concord,California,,
72,http://www.ourcampaigns.com/RaceDetail.html?RaceID=539334,Surprise,Arizona,nonpartisan,
73,none,Lafayette,Louisiana,,
74,http://www.ourcampaigns.com/RaceDetail.html?RaceID=783319,Topeka,Kansas,nonpartisan,
75,http://www.ourcampaigns.com/RaceDetail.html?RaceID=280005,Kent,Washington,nonpartisan,
76,none,Simi Valley,California,,
77,http://www.ourcampaigns.com/RaceDetail.html?RaceID=825304,Santa Clara,California,nonpartisan,
78,none,Murfreesboro,Tennessee,,
79,http://www.ourcampaigns.com/RaceDetail.html?RaceID=806918,Hartford,Connecticut,partisan,
80,http://www.ourcampaigns.com/RaceDetail.html?RaceID=825388,Athens,Georgia,nonpartisan,
81,none,Victorville,California,,
82,none,Abilene,Texas,,
83,none,Vallejo,California,,
84,http://www.ourcampaigns.com/RaceDetail.html?RaceID=773915,Berkeley,California,nonpartisan,
85,http://www.ourcampaigns.com/RaceDetail.html?RaceID=580482,Norman,Oklahoma,nonpartisan,
86,http://www.ourcampaigns.com/RaceDetail.html?RaceID=786928,Allentown,Pennsylvania,partisan,
87,http://www.ourcampaigns.com/RaceDetail.html?RaceID=808190,Evansville,Indiana,partisan,
88,http://www.ourcampaigns.com/RaceDetail.html?RaceID=806257,Columbia,Missouri,nonpartisan,
89,none,Odessa,Texas,,
90,http://www.ourcampaigns.com/RaceDetail.html?RaceID=691223,Fargo,North Dakota,nonpartisan,
91,none,Beaumont,Texas,,
92,http://www.ourcampaigns.com/RaceDetail.html?RaceID=800387,Independence,Missouri,nonpartisan,
93,http://www.ourcampaigns.com/RaceDetail.html?RaceID=809482,Ann Arbor,Michigan,partisan,
94,none,El Monte,California,,
95,http://www.ourcampaigns.com/RaceDetail.html?RaceID=799779,Springfield,Illinois,nonpartisan,
96,none,Round Rock,Texas,,
97,none,Wilmington,North Carolina,,
98,none,Arvada,Colorado,,
99,http://www.ourcampaigns.com/RaceDetail.html?RaceID=825019,Provo,Utah,nonpartisan,
100,http://www.ourcampaigns.com/RaceDetail.html?RaceID=786798,Peoria,Illinois,nonpartisan,
101,http://www.ourcampaigns.com/RaceDetail.html?RaceID=626992,Lansing,Michigan,nonpartisan,
102,none,Downey,California,,
103,none,Carlsbad,California,,
104,none,Costa Mesa,California,,
105,none,Miami Gardens,Florida,,
106,none,Westminster,Colorado,,
107,http://www.ourcampaigns.com/RaceDetail.html?RaceID=820068,Clearwater,Florida,nonpartisan,
108,none,Fairfield,California,,
109,none,Rochester,Minnesota,,
110,http://www.ourcampaigns.com/RaceDetail.html?RaceID=799782,Elgin,Illinois,nonpartisan,
111,none,Temecula,California,,
112,http://www.ourcampaigns.com/RaceDetail.html?RaceID=228361,West Jordan,Utah,nonpartisan,
113,http://www.ourcampaigns.com/RaceDetail.html?RaceID=810267,Inglewood,California,nonpartisan,
114,none,Richardson,Texas,,
115,http://www.ourcampaigns.com/RaceDetail.html?RaceID=786658,Lowell,Massachusetts,nonpartisan,
116,none,Gresham,Oregon,,
117,none,Antioch,California,,
118,none,Cambridge,Massachusetts,,
119,none,High Point,North Carolina,,
120,http://www.ourcampaigns.com/RaceDetail.html?RaceID=659560,Billings,Montana,nonpartisan,
121,http://www.ourcampaigns.com/RaceDetail.html?RaceID=808199,Manchester,New Hampshire,nonpartisan,
122,none,Murrieta,California,,
123,none,Centennial,Colorado,,
124,http://www.ourcampaigns.com/RaceDetail.html?RaceID=824679,Richmond,California,nonpartisan,
125,none,Ventura,California,,
126,none,Pueblo,Colorado,,
127,none,Pearland,Texas,,
128,http://www.ourcampaigns.com/RaceDetail.html?RaceID=808209,Waterbury,Connecticut,partisan,
129,none,West Covina,California,,
130,none,North Charleston,South Carolina,,
131,http://www.ourcampaigns.com/RaceDetail.html?RaceID=747391,Everett,Washington,nonpartisan,
132,none,College Station,Texas,,
133,http://www.ourcampaigns.com/RaceDetail.html?RaceID=263768,Palm Bay,Florida,nonpartisan,
134,none,Pompano Beach,Florida,,
135,none,Boulder,Colorado,,
136,none,Norwalk,California,,
137,http://www.ourcampaigns.com/RaceDetail.html?RaceID=821512,West Palm Beach,Florida,nonpartisan,
138,none,Broken Arrow,Oklahoma,,
139,none,Daly City,California,,
140,http://www.ourcampaigns.com/RaceDetail.html?RaceID=627964,Sandy Springs,Georgia,nonpartisan,
141,none,Burbank,California,,
142,http://www.ourcampaigns.com/RaceDetail.html?RaceID=820848,Green Bay,Wisconsin,nonpartisan,
143,none,Santa Maria,California,,
144,none,Wichita Falls,Texas,,
145,none,Lakeland,Florida,,
146,none,Clovis,California,,
147,none,Lewisville,Texas,,
148,none,Tyler,Texas,,
149,none,El Cajon,California,,
150,none,San Mateo,California,,
151,none,Rialto,California,,
152,http://www.ourcampaigns.com/RaceDetail.html?RaceID=789143,Edison,New Jersey,partisan,
153,http://www.ourcampaigns.com/RaceDetail.html?RaceID=806484,Davenport,Iowa,nonpartisan,
154,none,Hillsboro,Oregon,,
155,http://www.ourcampaigns.com/RaceDetail.html?RaceID=277467,Woodbridge,New Jersey,partisan,
156,http://www.ourcampaigns.com/RaceDetail.html?RaceID=819440,Las Cruces,New Mexico,nonpartisan,
157,http://www.ourcampaigns.com/RaceDetail.html?RaceID=808195,South Bend,Indiana,partisan,
158,none,Vista,California,,
159,none,Greeley,Colorado,,
160,http://www.ourcampaigns.com/RaceDetail.html?RaceID=516936,Davie,Florida,partisan,
161,none,San Angelo,Texas,,
162,none,Jurupa Valley,California,,
163,http://www.ourcampaigns.com/RaceDetail.html?RaceID=167734,Renton,Washington,nonpartisan,2.0
164,http://www.ourcampaigns.com/RaceDetail.html?RaceID=771406,Dover,Delaware,nonpartisan,2.0
165,http://www.ourcampaigns.com/RaceDetail.html?RaceID=825017,santa fe, New Mexico,nonpartisan,2.0
166,http://www.ourcampaigns.com/RaceDetail.html?RaceID=566064,long grove, illinois,nonpartisan,2.0
167,http://www.ourcampaigns.com/RaceDetail.html?RaceID=693442,fort pierce, florida, nonpartisan,2.0
168,http://www.ourcampaigns.com/RaceDetail.html?RaceID=526681,lancaster, pennsylvania,partisan,2.0
169,http://www.ourcampaigns.com/RaceDetail.html?RaceID=807941,chapel hill, north carolina, nonpartisan,2.0
170,http://www.ourcampaigns.com/RaceDetail.html?RaceID=808597,coral gables, florida, nonpartisan,2.0
171,http://www.ourcampaigns.com/RaceDetail.html?RaceID=810467,concord,new hampshire, nonpartisan,2.0
172,http://www.ourcampaigns.com/RaceDetail.html?RaceID=821270, wilmington, delaware, partisan,2.0
173,http://www.ourcampaigns.com/RaceDetail.html?RaceID=810545,miami beach, florida, nonpartisan,2.0
174,http://www.ourcampaigns.com/RaceDetail.html?RaceID=804628,westminster, california, nonpartisan,2.0
175,http://www.ourcampaigns.com/RaceDetail.html?RaceID=790213,sandy,utah,nonpartisan,2.0
176,http://www.ourcampaigns.com/RaceDetail.html?RaceID=816563,trenton,new jersey,nonpartisan,3.0
177,http://www.ourcampaigns.com/RaceDetail.html?RaceID=790534,albany,new york,partisan,3.0
178,http://www.ourcampaigns.com/RaceDetail.html?RaceID=786998,erie,pennsylvania,partisan,3.0
179,http://www.ourcampaigns.com/RaceDetail.html?RaceID=784478,harrisburg,pennsylvania,partisan,3.0
180,http://www.ourcampaigns.com/RaceDetail.html?RaceID=810684,reading,pennsylvania,partisan,3.0
181,http://www.ourcampaigns.com/RaceDetail.html?RaceID=749840,lewiston,maine,nonpartisan,3.0
182,http://www.ourcampaigns.com/RaceDetail.html?RaceID=809869,portland,maine,nonpartisan,3.0
183,http://www.ourcampaigns.com/RaceDetail.html?RaceID=810468,"nashua,new hampshire",nonpartisan,3,
184,http://www.ourcampaigns.com/RaceDetail.html?RaceID=823590,cranston,rhode island,partisan,3.0
185,http://www.ourcampaigns.com/RaceDetail.html?RaceID=823800,pawtucket,rhode island,partisan,3.0
186,http://www.ourcampaigns.com/RaceDetail.html?RaceID=823591,warwick,rhode island,partisan,3.0
187,http://www.ourcampaigns.com/RaceDetail.html?RaceID=800821,burlington,vermont,partisan,3.0
188,http://www.ourcampaigns.com/RaceDetail.html?RaceID=693395,kenosha,wisconsin,nonpartisan,3.0
189,http://www.ourcampaigns.com/RaceDetail.html?RaceID=810816,sioux city,iowa,nonpartisan,3.0
190,http://www.ourcampaigns.com/RaceDetail.html?RaceID=674699,"waterloo,iowa",nonpartisan,3,
191,http://www.ourcampaigns.com/RaceDetail.html?RaceID=808550,jefferson city,missouri,nonpartisan,3.0
192,http://www.ourcampaigns.com/RaceDetail.html?RaceID=226332,grand island, nebraska, nonpartisan,3.0
193,http://www.ourcampaigns.com/RaceDetail.html?RaceID=790986,annapolis,maryland,nonpartisan,3.0
194,http://www.ourcampaigns.com/RaceDetail.html?RaceID=805334,charleston,west virginia,partisan,3.0
195,http://www.ourcampaigns.com/RaceDetail.html?RaceID=561864,tuscaloosa,alabama,nonpartisan,3.0
196,http://www.ourcampaigns.com/RaceDetail.html?RaceID=748784,bowling green,kentucky,nonpartisan,3.0
197,http://www.ourcampaigns.com/RaceDetail.html?RaceID=766237,frankfort,kentucky,nonpartisan,3.0
198,http://www.ourcampaigns.com/RaceDetail.html?RaceID=788820,biloxi,mississippi,nonpartisan,3.0
0,none,Hattiesburg,mississippi,partisan,3
1,http://www.ourcampaigns.com/RaceDetail.html?RaceID=785307,Southaven,mississippi,partisan,3
2,http://www.ourcampaigns.com/RaceDetail.html?RaceID=697508,olympia,washington,nonpartisan,3
3,http://www.ourcampaigns.com/RaceDetail.html?RaceID=634038,Fayetteville,arkansas,nonpartisan,3
4,http://www.ourcampaigns.com/RaceDetail.html?RaceID=781475,lake charles,Louisiana,partisan,3
5,http://www.ourcampaigns.com/RaceDetail.html?RaceID=766245,carson city,nevada,nonpartisan,3
6,http://www.ourcampaigns.com/RaceDetail.html?RaceID=635984,orem,utah,nonpartisan,3
7,http://www.ourcampaigns.com/RaceDetail.html?RaceID=785918,Cheyenne,wyoming,nonpartisan,3
8,http://www.ourcampaigns.com/RaceDetail.html?RaceID=735833,fairbanks,alaska,nonpartisan,3
9,http://www.ourcampaigns.com/RaceDetail.html?RaceID=817446,Juneau,alaska,nonpartisan,3
10,http://www.ourcampaigns.com/RaceDetail.html?RaceID=746989,Sitka,alaska,nonpartisan,3
